[
  {
    "featureType": "landscape.natural",
    "elementType": "geometry",
    "stylers": [
      {
        "color": "#dde2e3"
      },
      {
        "visibility": "on"
      }
    ]
  },
  {
    "featureType": "poi.park",
    "elementType": "all",
    "stylers": [
      {
        "color": "#c6e8b3"
      },
      {
        "visibility": "on"
      }
    ]
  },
  {
    "featureType": "poi.park",
    "elementType": "geometry.fill",
    "stylers": [
      {
        "color": "#c6e8b3"
      },
      {
        "visibility": "on"
      }
    ]
  },
  {
    "featureType": "road",
    "elementType": "geometry.fill",
    "stylers": [
      {
        "visibility": "on"
      }
    ]
  },
  {
    "featureType": "road",
    "elementType": "geometry.stroke",
    "stylers": [
      {
        "visibility": "off"
      }
    ]
  },
  {
    "featureType": "road",
    "elementType": "labels",
    "stylers": [
      {
        "visibility": "on"
      }
    ]
  },
  {
    "featureType": "road",
    "elementType": "labels.text.fill",
    "stylers": [
      {
        "visibility": "on"
      }
    ]
  },
  {
    "featureType": "road",
    "elementType": "labels.text.stroke",
    "stylers": [
      {
        "visibility": "on"
      }
    ]
  },
  {
    "featureType": "road.highway",
    "elementType": "geometry.fill",
    "stylers": [
      {
        "color": "#c1d1d6"
      },
      {
        "visibility": "on"
      }
    ]
  },
  {
    "featureType": "road.highway",
    "elementType": "geometry.stroke",
    "stylers": [
      {
        "color": "#a9b8bd"
      },
      {
        "visibility": "on"
      }
    ]
  },
  {
    "featureType": "road.local",
    "elementType": "all",
    "stylers": [
      {
        "color": "#f8fbfc"
      }
    ]
  },
  {
    "featureType": "road.local",
    "elementType": "labels.text",
    "stylers": [
      {
        "color": "#979a9c"
      },
      {
        "visibility": "on"
      },
      {
        "weight": 0.5
      }
    ]
  },
  {
    "featureType": "road.local",
    "elementType": "labels.text.fill",
    "stylers": [
      {
        "visibility": "on"
      },
      {
        "color": "#827e7e"
      }
    ]
  },
  {
    "featureType": "road.local",
    "elementType": "labels.text.stroke",
    "stylers": [
      {
        "color": "#3b3c3c"
      },
      {
        "visibility": "off"
      }
    ]
  },
  {
    "featureType": "water",
    "elementType": "geometry.fill",
    "stylers": [
      {
        "color": "#a6cbe3"
      },
      {
        "visibility": "on"
      }
    ]
  }
]
